,Unnamed: 0,Text,Rating,keywords,count
0,0,Team Fortress 2 is also Free-To-Uninstall,none,,0
1,1,If the body is 70% water how are you 100% salt???,shit,,0
2,2,You're the reason the gene pool needs a lifeguard.,none,,0
3,3,I'm jealous of people that don't know you.,none,,0
4,4,"I have neither the time, nor the crayons, to explain this to you.",none,,0
5,5,I would insult you but nature did a better job.,none,,0
6,6,Your birth certificate is an apology letter from the condom factory.,shit,,0
7,7,"Don't worry guys, I'm a garbage collector. I'm used to carrying trash.",none,,0
8,8,"I'm not questioning your intelligence, merely denying its existence",none,,0
9,9,Perhaps your strategy should include trying.,shit,,0
10,10,"Some people get paid to suck, you do it for free. ",none,,0
11,11,"I'd tell you to commit suicide, but then you'd have a kill.",shit,,0
12,12,You have worse map awareness than Christopher fucking Columbus.,none,,0
13,13,You must really like that respawn timer,none,,0
14,14,You're the human equivalent of a participation award.,none,,0
15,15,You have the situational awareness of a potato,none,,0
16,16,"I'd tell you to go outside, but you'd just ruin that for everyone else too",none,,0
17,17,"With aim like that, I pity whoever has to clean the floor around your toilet",shit,,0
18,18,At least your ping score is higher than mine.,shit,,0
19,19,if i wanted to kill myself id jump from your ego to your IQ ,none,,0
20,20,You have the situational awareness of a potato,none,,0
21,21,I hope one day you regain the use of your hands.,none,,0
22,22,Are you aiming for a pacifist walkthrough?,shit,,0
23,23,"Your kills are like all Valve franchises, stuck at 2",none,,0
24,24,The keys you're looking for are Alt-F4,none,,0
25,25,You know all those times your parents said video games would get you nowhere? They were right.,none,,0
26,26,"I'd love to see things from your perspective, but I don't think I could shove my head that far up my ass.",none,,0
27,27,**PROTIP** Your crosshair generally assists you in aiming.,none,,0
28,28,Does your ass get jealous of all the shit that comes out of your mouth?,none,,0
29,29,Everyone who loves you is wrong.,none,,0
30,30,have you ever had a conversation where the other person wasn't just shaking their head in disappointment?,none,,0
31,31,Your birth certificate is an apology from the condom factory.,shit,,0
32,32,WOW! imagine if your parents weren't siblings.,none,,0
33,33,Might I suggest you beat the tutorial first,none,,0
34,34,Turning on your monitor would help. ,none,,0
35,35,i don't know what gets less hits... your aim or your online dating profile,shit,,0
36,36,Are your parents siblings?,none,,0
37,37,"Try playing the game normally, instead of just repeatedly slamming your forehead into the keyboard.",shit,,0
38,38,Even Noah can't carry these animals,none,,0
39,39,"Maybe you should try something more on your level, like rock-paper-scissors.",none,,0
40,40,"You are what you eat, and you're a dick.",none,,0
41,41,Maybe you should try a single-player game.,shit,,0
42,42,"You should let your chair play, at least it knows how to support.",shit,,0
43,43,You're lagging so hard you're still in 2015,none,,0
44,44,"Shut up, you'll never be the man your mother is.",none,,0
45,45,You would make a perfect stormtrooper.,shit,,0
46,46,i bet the last time u felt a breast was in a kfc bucket,none,,0
47,47,just do exactly the opposite of everything you think and we might have a chance,none,,0
48,48,I bet you're that guy that dies in the tutorial.,none,,0
49,49,Is your ass jealous of the amount of shit that just came out of your mouth?,none,,0
50,50,Please be careful to ensure your tears don't get into the electronics.,none,,0
51,51,"It's a joke, not a cock, don't take it so hard.",none,,0
52,52,Feminists get more trigger time than you.,none,,0
53,53,you camp more than Bear Grylls,none,,0
54,54,I didn't know they let Stormtroopers play video games,none,,0
55,55,You must really like spectating your team,shit,,0
56,56,"If stupidity was a character class, your stats would be legendary.",none,,0
57,57,Tried Uploading this to pornhub...but they don't accept rape,none,,0
58,58,"Wait, wait, wait. Let me guess. It was lag, wasn't it?",none,,0
59,59,Stormtroopers aim better than you.,none,,0
60,60,"If life is like a box of chocolates, you're a fucking raisin ",none,,0
61,61,I have bowel movements that move faster than your thought process,none,,0
62,62,Try not to trip on your skill level on the way out.,shit,,0
63,63, You're the reason they need to put instructions on shampoo bottles.,none,,0
64,64,I have neither the time nor the crayons to explain this to you.,none,,0
65,65,When i die i want you guys to lower my coffin so you can let me down one more time,none,,0
66,66,Your idea of a comeback is jerking off into a fan,none,,0
67,67,You are why aliens wont talk to us.,none,,0
68,68,This guy has the map awareness of fucking Christopher Columbus. ,none,,0
69,69,There are loads of tutorials online that will show you how to setup your mouse properly.,none,,0
70,70,A fucking flight of stairs has killed more people than you have,shit,,0
71,71,I'm surprised you even managed to get out of bed without hurting yourself,none,,0
72,72,It's dangerous to use your entire vocabulary in a single sentence!!!,none,,0
73,73,You're worth less than a Steam trading card,none,,0
74,74,You can start trying any time you like.,none,,0
75,75,You need to go back to growing things on Farmville,none,,0
76,76,You might help your future win-rate by uninstalling.,shit,,0
77,77,Too bad you weren't in control of the Titanic. You would have missed the Iceberg.,none,,0
78,78,I could eat alphabet soup and still shit out a better argument than you.,none,,0
79,79,Some babies were dropped on their heads but you were clearly thrown at a wall,none,,0
80,80,Maybe you should try something more your speed.. like stopping,none,,0
81,81,***PROTIP*** use your mouse to look around,none,,0
82,82,"If the game was about getting killed, I bet you would be still alive.",shit,,0
83,83,The keys your looking for are Alt-F4,none,,0
84,84,Help & Options -> How To Play,none,,0
85,85,only thing u carry is an extra chromosome,none,,0
86,86,Stephen Hawkings probably runs better than your game,shit,,0
87,87,If it wasn't for gravity you couldn't even hit the fucking ground,none,,0
88,88,"You must have been born on a highway, because that's where most accidents happen..",none,,0
89,89,"Im considering playing against you with my eyes closed, cause playing one handed didnt make it any harder.",none,,0
90,90,Have you considered other hobbies?,none,,0
91,91,There are vacuum cleaners that suck less than you.,none,,0
92,92,I think you dropped a pair of chromosomes right there,none,,0
93,93,If only you could hit an enemy as much as your dad hits you.,none,,0
94,94,I've had jar lids give me a bigger challenge than you.,none,,0
95,95,404: Skill not found,none,,0
96,96,don't trip on your way into respawn,shit,,0
97,97,hold on im loading my scripts for giving a shit,none,,0
98,98,I hope you're the last person in a human centipede.,none,,0
99,99,You're that one guy that would actually get his dick stuck in a ceiling fan for not following instructions.,none,,0
100,100,Shouldn't you be trying to put a round block in a square hole somewhere?,none,,0
101,101,If I wanted to kill myself I would jump from your ego down to your IQ,none,,0
102,102,I'd rather fuck a bear trap than live a minute of your life,none,,0
103,103,If only you could hit an enemy as much as your dad hits you.,none,,0
104,104,"Can someone set the bot difficulty at least to medium, please?",none,,0
105,105,you almost didn't die that time,none,,0
106,106, Is your monitor on,none,,0
107,107,How are you this bad at support? Do you work for Comcast?,none,,0
108,108,are you watching porn or something i swear to god you're playing with one hand,none,,0
109,109,I'm okay with this team. I work in the city as a garbage collector. I'm used to carrying trash.,shit,,0
110,110,Does your ass ever get jealous of the amount of shit that comes out of your mouth?,none,,0
111,111,I recommend you keep crying. It's the only thing you're doing right.,none,,0
112,112,I was pro-life until I met you.,none,,0
113,113,If the human body is only 65% water then how are you 100% salty?,shit,,0
114,114,"I'm not trash talking, I'm talking to trash",none,,0
115,115,You're the reason your parents fight,none,,0
116,116,I'm glad to see you took a break from Cookie Clicker to grace us with your MANY talents,none,,0
117,117,"I'm super glad you're enjoying the rich tapestry of art assets and sprites, but some of us are trying to win the fucking game",shit,,0
118,118,"Hey, give me a shoutout to your 2 Twitch viewers",none,,0
119,119,You must really like spectating your team,shit,,0
120,120,"No this isn't Pay-To-Win, all you have to do is pay attention",none,,0
121,121,I guess the abortion clinic forgot one,shit,,0
122,122,"Keep rolling your eyes, maybe you'll find a brain back there",none,,0
123,123,I bet your club penguin pets killed themselves,none,,0
124,124,Can you just place your cat on the keyboard and leave? We've a better chance of winning that way. ,shit,,0
125,125,You must be so confused about the tiny people in your computer screen.,none,,0
126,126,Are you constipated? 'cause you ain't doin' shit.,none,,0
127,127,why turn on the computer if you're just gonna make it depressed,shit,,0
128,128,Remember that one time when you were good at this game? Me neither.,shit,,0
129,129,Maybe if you stopped using your keyboard as a doormat you could actually win.,shit,,0
130,130,This isn't golf dude.  You don't get a handicap.,none,,0
131,131,"If you keep crying, we're going to need to build another Ark.",none,,0
132,132,This is why people talk about you when you're not around.,none,,0
133,133,A law prohibiting you from breeding would be justified but unnecessary,none,,0
134,134,**PROTIP** Using a mouse is recommended.,none,,0
135,135,"Guys, can we put the bots on a higher difficulty?",none,,0
136,136,"Be honest, are you just a cat swatting at the keyboard? ",shit,,0
137,137,I'm actually a dump truck driver because i carry trash like you all day,none,,0
138,138,You couldn't be more inbred if you were in a fucking sandwich.,none,,0
139,139,You know that if you plug the screen in you can actually see the enemies.,none,,0
140,140,"aww, you're just like Jesus, always respawning and never hurting anyone :)",none,,0
141,141,"When your parents said shoot for the stars, this is not what they meant.",none,,0
142,142,How many tries did it take for you to click the install button?,none,,0
143,143,You should eat some makeup so you can at least be pretty on the inside.,none,,0
144,144,I'd call you a piece of shit but that at least has use as fertilizer,none,,0
145,145,Your years of practice on easy bots clearly paid off.,none,,0
146,146,Your asshole must be jealous of all the shit that comes out of your mouth.,none,,0
147,147,To which foundation do I need to donate to help you?,none,,0
148,148,i'm just impressed you're still trying to play with a trackball,none,,0
149,149,"Do you need help? I ask cause the only way I can imagine you playing this bad, was if you had collapsed on your keyboard.",shit,,0
150,150,You couldn't pour water out of a boot if the instructions were on the sole.,shit,,0
151,151,I can't wait till I have dementia so I can forget that ever happened.,none,,0
152,152,Can you please check if your mouse is plugged in?,none,,0
153,153,Achievement Unlocked:  More Time Dead Than Alive,none,,0
154,154,Can't hear you from the bottom of the scoreboard,shit,,0
155,155,You're dying so much that you could replace Sean Bean.,none,,0
156,156,With all these flavors why do you choose to be salty?,none,,0
157,157,What's the difference between you and a bench? The bench can actually support an entire team.,shit,,0
158,158,"You failed, just like your dad's condom",none,,0
159,159,you could season a meal with all that salt from your tears,none,,0
160,160,Does your mouse have kickback when you shoot?,none,,0
161,161,I see somebody went to the Stormtrooper school of marksmanship. ,none,,0
162,162,All of these flavors and you choose to be salty,none,,0
163,163,I could eat a bowl of alphabet soup and shit out a smarter statement than that.,none,,0
164,164,I'm pretty sure the only thing you can turn on is your laptop.,none,,0
165,165,You can start trying now.,none,,0
166,166,I'd suggest you to uninstall the game but I bet it's too complex for you,shit,,0
167,167,"You deserve a high five, to the face, with a chair",none,,0
168,168,I cant hear you at the bottom of the scoreboard,shit,,0
169,169,A woman at a urinal has better spray control than you,none,,0
170,170,Children with cancer take losing better than you do.,shit,,0
171,171,"If you want to hear about mistakes, ask your parents.",none,,0
172,172,Do you lose when you play against yourself?,none,,0
173,173,"Oops, I must have chosen easy bots by accident",none,,0
174,174,Does your ass ever get jealous of the amount of shit that comes out of your mouth,none,,0
175,175,I think you'd have more fun playing something you were good at.,none,,0
176,176,"It's a joke, not a cock, don't take it so hard",none,,0
177,177,"Go play Lemmings, at least you'll be able to kill something.",shit,,0
178,178,Not even Atlas can carry this Team,shit,,0
179,179,Is your huge death count compensating for something?,none,,0
180,180,There's a good game for you to practice. It's called Cookie Clicker.,shit,,0
181,181,Have you tried turning your brain off and on again?,none,,0
182,182,I'd tell you to blow me but you've been sucking dick all game,shit,,0
183,183,The only thing you are carrying is an extra chromosome,none,,0
184,184,I understand blaming the lag... between your brain and reflexes.,none,,0
185,185,"Yes, we know, you have a penis. Please remove it from the keyboard and play. ",shit,,0
186,186,"I bet if you would go afk, you would play better",none,,0
187,187,"Oh wait, this is not a bot game?",shit,,0
188,188,Even a stormtrooper has a better aim than you,shit,,0
189,189,I've seen you die more times than I've seen my dad in my whole life.,none,,0
190,190,"Don't shoot yourself! Not because I'd miss you, because you'd miss you",none,,0
191,191,Im sure that extra chromosome helps you out with something but it sure as fuck isnt this,none,,0
192,192,Go down to the nearest drugstore and buy a little thing called viagra. It will help you go fuck yourself.,none,,0
193,193,You should commit suicide. That way you'd have at least one kill.,shit,,0
194,194,Hey you got something added to your score. Wait... that's just another death.,shit,,0
195,195,You might just create another dead sea with all your tears.,none,,0
196,196,I wish my HIV-Test would be as negative as your score ,shit,,0
197,197,you couldn't be more inbred even if you were in a fucking sandwich,none,,0
198,198,The only problem with your PC is that thing between your keyboard and your chair,shit,,0
199,199,You should make a team and call it 'soup kitchen' cause you're feeding everyone,shit,,0
200,200,"I'm trying to see this from your perspective, but I can't seem to get my head that far up my own ass.",none,,0
201,201,Feed any more and you'll end world hunger.,none,,0
202,202,How'd you get through the tutorial?,none,,0
203,203,"It's just a joke not a dick, don't take it so hard.",none,,0
204,204,"Remember that it's better to try and fail than to not try at all, so don't be afraid to start trying any time now",none,,0
205,205,Let's just let natural selection take it's course,none,,0
206,206,Isn't your time running out on the library computer?,none,,0
207,207,You are like Forrest Gump but without the running thing.,none,,0
208,208,The guy who played CSGO with a wheel is better than you,none,,0
209,209,You're about as useful as Anne Frank's drum kit.,none,,0
210,210,I bet you can't see the screen with all your tears,none,,0
211,211,"The way you're feeding, you could feed Africa for a year.",shit,,0
212,212,"Correct! I am a tool, because unlike you, I'm actually useful.",none,,0
213,213,95% of lag occurs between the player and the computer,none,,0
214,214,A million years of evolution and we get you.,none,,0
215,215,"It was just a joke not a dick, don't take it so hard.",none,,0
216,216,Well I would agree with you but then we'd both be wrong,none,,0
217,217,You probably get your insults on CS:GO from a shittalk generator,none,,0
218,218,"I'd tell you to kill yourself, but I'm pretty sure you'd miss.",none,,0
219,219,"I don't lift, but I sure do carry.",none,,0
220,220,"Your family tree is a cactus, because everybody on it is a prick.",none,,0
221,221,"If I had 2 bullets and I was in a room with Bieber, Hitler, and you, I'd shoot myself twice.",none,,0
222,222,"If I wanted to listen to an asshole, I'd fart",none,,0
223,223,Your aim is so poor Bono is holding a charity concert for it.,shit,,0
224,224,I think you should press the power button in order to contribute to the game.,shit,,0
225,225,Would you like some fries with that salt?,none,,0
226,226,Maybe Hello Kitty Island Adventure is more around your skill level,none,,0
227,227,even the steam support is more useful than you,none,,0
228,228,Your face looks like it was made by Bethesda,none,,0
229,229,We will get Half-Life 3 when u get a kill.,shit,,0
230,230,at least you could become a stormtrooper,shit,,0
231,231,You're the reason your dad drinks,none,,0
232,232,Ethiopia could eat for a month the way you are feeding.,shit,,0
233,233,Atleast you got through the tutorial,none,,0
234,234,Imagine what your life would be if your parents weren't siblings.,none,,0
235,235,"You're supposed to be farming gold, not chromosomes.",none,,0
236,236,The only thing you've killed this game is my faith in you.,shit,,0
237,237,ethiopia could eat a year the way you are feeding ,shit,,0
238,238,Your reaction time is as fast as coastal erosion. ,none,,0
239,239,The Escape button is your best and only friend.,none,,0
240,240,You are as useless as a white crayon,none,,0
241,241,The game wants to uninstall you.,shit,,0
242,242,Your existance is proof people don't know how to pull out.,none,,0
243,243,"I'd tell you to kill yourself, but chances are you'd fuck that up too",none,,0
244,244,How many tries did it take for you to click on the button that launches the game?,shit,,0
245,245,I guess my team is sponsored by the Make-A-Wish foundation...,shit,,0
246,246,"If you want to reduce the number of times you lose, you could try uninstalling",none,,0
247,247,Auto-sniper just means it's semi-automatic. You stil have to aim.,none,,0
248,248,"I would ask if you were new, but that would imply you can actually get better",none,,0
249,249,Are you playing on pacifist mode?,shit,,0
250,250,"If this was pay-to-win, you'd go bankrupt before you got your first kill.",shit,,0
251,251,Letting you live was medical malpractice,none,,0
252,252,Who set the bots to passive?,none,,0
253,253,"Two wrongs don't make a right, take your parents as an example.",none,,0
254,254,At least buy your jungler some marshmallows if he's going to be camping so much,none,,0
255,255,Are you collecting bullets?,none,,0
256,256,Mentally challenged people don't want to be referred as 'Retarded' becuase they don't want to be compared with you.,none,,0
257,257,Access the cheat menu with ALT + F4,none,,0
258,258,PROTIP: Knowing when to quit is a useful skill.,none,,0
259,259,"Believe in yourself, because the rest of us think you're an idiot.",none,,0
260,260,"That crosshair is for aiming at enemies, you know.",none,,0
261,261,I'm a plumber and even I can't handle your shit.,none,,0
262,262,"Don't worry guys, I am a trash man IRL. I am used to carry garbage like you",none,,0
263,263,Does your owner know you're running on the keyboard?,shit,,0
264,264,All the flavors in the world....and you choose to be fucking salty,none,,0
265,265,"I would mentally duel with you, but I can see you're unarmed",none,,0
266,266,Your aim is so poor that people held a fundraiser for it,shit,,0
267,267,Everyone who has ever loved you was wrong,none,,0
268,268,Do you want some fries with that salt,none,,0
269,269,Just because you can act like a dumbass doesn't mean you should.,none,,0
270,270,Friendly fire was invented because of you.,none,,0
271,271,"Remember, riding dick is not a mode of transportation.",none,,0
272,272,I'm surprised you even hit the power button on your computer.,none,,0
273,273,"If we learn from our mistakes, your parents must be geniuses now",none,,0
274,274,My cat sleeping on the keyboard would do a better job,shit,,0
275,275,"Fighting on the internet is like participating in the paralympics. Even if you win, you're still retarded.",none,,0
276,276,I've seen better reflexes from Bethesda NPCs,none,,0
277,277,I'm surprised that you were able hit the 'Install' button,none,,0
278,278,"Next round, you should try looking at the monitor.",none,,0
279,279,I don't have the time or the crayons to explain this to you.,none,,0
280,280,I noticed your sister got all the good genes from the family.,none,,0
281,281,I was going to make a joke about your kills but I couldn't find any.,none,,0
282,282,My abacus has more processing power than you.,none,,0
283,283,Maybe it's time to upgrade from dial up.,none,,0
284,284,Whoever told you to just be yourself couldn't have given you worse advice,none,,0
285,285,That respawn timer might be one of your best friends right? ,none,,0
286,286,People like you demonstrate why Single Player mode should be mandatory.,none,,0
287,287,Are you worried about the moral consequences of killing someone in a game?,shit,,0
288,288,At least your immune system tries to stop you from dying.,none,,0
289,289,Your aim is so shit you couldn't hit the ground if you fell,shit,,0
290,290,You are the reason I have to doubt evolution and natural selection,none,,0
291,291,Unplug the Ethernet cable. That gets rid of the lag.,none,,0
292,292,"Try switching your router off, that might help.",none,,0
293,293,Your existence is the reason for scientists to rethink the plausibility of evolution.,none,,0
294,294,"The way you're feeding, you could end world hunger.",shit,,0
295,295,Even the game's client-side prediction has no idea what you're trying to do.,shit,,0
296,296,Your aim is proof that excessive masturbation causes blindness,shit,,0
297,297,"You must have been born on a highway, because that's where most accidents happen.",none,,0
298,298,"Maybe if you try to miss, you might hit something!",none,,0
299,299,"'Three-second burst' should be your rate-of-fire, not your life expectancy",none,,0
300,300,I didn't realize 'Moving Target Dummy' was a selectable character.,none,,0
301,301,Not even Noah carried this many animals,none,,0
302,302,I almost mistook you for an actual threat there.,none,,0
303,303,I've had more engaging arguments with my dog,none,,0
304,304,I would call you AIDS but at least AIDS gets kills,none,,0
305,305,press alt-f4 to help the team,shit,,0
306,306,You probably think the light in the refrigerator never turns off.,none,,0
307,307,"Don't worry, everybody was new once. You just... stayed.. new, somehow...",none,,0
308,308,You could end world hunger with how much you feed,none,,0
309,309,"Play with a blindfold on, at least you'll have a valid reason for missing all those shots.",shit,,0
310,310,'Twitch Plays TF2' would be more useful than you.,none,,0
311,311,"If you stopped jerking off, maybe the blood would go to your brain instead.",shit,,0
312,312,"Two wrongs don't make a right, take your parents for instance",none,,0
313,313,John Lennon is better at dodging bullets than you,none,,0
314,314,I've been to daycares more threatening than you,none,,0
315,315,"The only keys that's worth hitting, is that power button on your computer.",none,,0
316,316,"You know what man, blind gamers deserve a chance too. I support you.",none,,0
317,317,You'd have made an excellent Stormtrooper,shit,,0
318,318,Why don't you check between your chair and your keyboard for the problem?,shit,,0
319,319,Warmup ended several rounds ago.,none,,0
320,320,I believed in the good and potential of humanity. And then you came along.,none,,0
321,321,It's sad that your IQ matches your shoe size.,none,,0
322,322,Like the Dead Sea wasn't salty enough.,none,,0
323,323,"If I wanted to get yelled at by folks like you, I would go to the daycare. ",none,,0
324,324,"You're just like a dog, all bark and unable to play video games.",none,,0
325,325,I didn't know dying was a special ability.,none,,0
326,326,You could play in an empty server and still somehow manage to lose CTF.,shit,,0
327,327,I normally don't argue with children but I'll make an exception for you.,none,,0
328,328,Only thing you carry is an extra chromosome.,none,,0
329,329,Did Marvel buy the rights to your mouse?  Because you can't seem to actually kill anybody off.,none,,0
330,330,At least your K/D is better than your GPA.,none,,0
331,331,Your aim is so bad you couldn't hit water if you fell out of a boat,shit,,0
332,332,stop hogging all the deaths,none,,0
333,333,Good job keeping your learning curve perfectly horizontal. ,none,,0
334,334,Stairs has killed more people than you have. ,none,,0
335,335,You know this isn't turn based combat right? When they shoot at you feel free to shoot back.,shit,,0
336,336,Try doing hand stands sometimes. I think your brain needs more blood.,shit,,0
337,337,"I see you gained a new hobby, Collecting Bullets.",none,,0
338,338,Did you empty your ammo for warning shots?,shit,,0
339,339,Blink twice if your skill is being held hostage.,shit,,0
340,340,You have some big balls on you. Too bad they belong to the guy fucking you from behind. ,none,,0
341,341,You're the type of person who would miss at point blank range with a flamethrower.,none,,0
342,342,If you ever win a match screencap and send to the church. Pretty sure that'll count as a miracle.,shit,,0
343,343,30 millon sperm and you swam the fastest?,none,,0
344,344,Congress works better than you.,none,,0
345,345,Your mind is just as stable as your internet connection.,none,,0
346,346,"If you were a real terrorist, the world would be a much safer place.",none,,0
347,347,You know your team is trying to win right?,shit,,0
348,348,How the fuck were you the fastest sperm???!,none,,0
349,349,You make stormtroopers look good.,none,,0
350,350,"I'd agree with you, but then we'd both be wrong.",none,,0
351,351,I think you should just go afk. You'd get better results.,none,,0
352,352,Players like you are why Easy mode is a difficulty option.,none,,0
353,353,You're the reason abortion was legalized,shit,,0
354,354,Even Gandhi is jealous of your pacifist playstyle.,shit,,0
355,355,Team Fortress 2 is also free to unistall,none,,0
356,356,"Perhaps you should try something more innovative, like playing.",none,,0
357,357,"Arguing on the internet is like competing in the special Olympics. Even if you win, you are still retarded.",none,,0
358,358,I think you should stick to Neopets.,none,,0
359,359,Even a common cold has a higher kill count than your aim,shit,,0
360,360,"God ran out of clay, so he slapped a bunch of dog shit together to make you",none,,0
361,361,"Move your sisters head, I'm gonna kick you in the dick",none,,0
362,362,You're about as useful as a snowshovel in Hawaii.,none,,0
363,363,Stephen Hawking has better hand-eye coordination than you.,none,,0
364,364,Does your mouse have recoil or something?,none,,0
365,365,Not even Noah could carry these animals.,none,,0
366,366,"Out of any animal you identify with, you chose a bitch.",shit,,0
367,367,Were you always this shitty or you're trying really hard today?,none,,0
368,368,I'd tell you where the uninstall button is but you'd miss that one too,none,,0
369,369,Don't beat yourself up. We already did that for you.,none,,0
370,370,I bet you have alot of participation awards...,none,,0
371,371,"You must have been born on a highway, because that's where most accidents happen",none,,0
372,372,"Good job, now try that on the other team!",shit,,0
373,373,You're lucky your dad's dick had better aim than you. ,shit,,0
374,374,Your best Kill of the Day: my time,shit,,0
375,375,I'm Sorry I Can't Hear you From the Bottom of the Scoreboard,none,,0
376,376,Rick Astley gave you up 'cause you let him down.,none,,0
377,377,Why don't you slip into something more comefortable? Like a coma?,none,,0
378,378,"I see your hobbies include lag, friendly fire and caps lock. Good for you.",none,,0
379,379,You'd have the top score if this was golf,shit,,0
380,380,You didn't make a mistake. Your parents did.,none,,0
381,381,"If Stupid was an epidemic, you must be patient zero.",none,,0
382,382,"I don't know what your problem is, but I bet its hard to pronounce ",none,,0
383,383,It'd be an insult to compare a stormtrooper to you. At least they know what they're trying to shoot at.,shit,,0
384,384,How did you ever get through the tutorial level?,none,,0
385,385,Your mother should have swallowed you,none,,0
386,386,Stormtroopers hit their targets more than you.,none,,0
387,387,You're the MVP of the other team,shit,,0
388,388,your birth certificate came with an apology letter from condom factory.,shit,,0
389,389,You could win an oscar for how sad your life is.,none,,0
390,390,You are the MVP of the other team.,shit,,0
391,391,"The way you feed, you could stop world hunger.",shit,,0
392,392,You are proof enough that guns do not kill people.,none,,0
393,393,Just because you have the ability to click play doesn't mean you should.,shit,,0
394,394,Maybe you should just stick to playing singleplayer games.,none,,0
395,395,It's better to let someone think you are an Idiot than to open your mouth and prove it.,none,,0
396,396,I wonder if the sperm that had the skills is watching you from your mom's mattress.,none,,0
397,397,"Most people missed out on the lottery, you missed out on the gene pool.",none,,0
398,398,I've seen more support for North Korea than I've seen all game from you.,shit,,0
399,399,Do you ever wonder what life would be like if you'd had enough oxygen at birth?,shit,,0
400,400,It seems you and the kill cam have become well acquainted,shit,,0
401,401,Your family tree is a cactus because everybody on it is a prick.,none,,0
402,402,Only thing you're carrying is an extra chromosome.,none,,0
403,403,I think I broke the weightlifting record by carrying this team.,shit,,0
404,404,You are the reason aliens wont talk to us,none,,0
405,405,Stevie Wonder can see how shit you are,none,,0
406,406,"Just as a heads up Steam has a 2 hour, no questions asked refund policy. I suggest you take advantage of it while you can. ",none,,0
407,407,"You remind me of the last batch of scrambled eggs I made: beaten, over-salted, and burned.",none,,0
408,408,Maybe God made you a bit too special.,none,,0
409,409,Embarrassing. I've heard better shittalking from a goddamn crowdsourced generator,none,,0
410,410,"If skills were a disease, you'll be immune to it.",none,,0
411,411,Why are you still here? I thought trash day was yesterday.,none,,0
412,412,"I'm still not convinved God exists, but if he does you prove he has a sense of humor.",none,,0
413,413,Your kill list is shorter than a list of french war heroes ,none,,0
414,414,If your dad's aim was as good as yours we wouldn't be talking right now.,shit,,0
415,415,Congratulations! You've made the enemy team's highlight reel!,shit,,0
416,416,I bet you would blame it on the lag at a LAN party too.,none,,0
417,417,Calling you a retard is an insult to the mentally challenged,none,,0
418,418,"It's quick, it's easy, and it's free: Trying.",none,,0
419,419,"I would insult your IQ, but the concept of negative numbers would boggle your mind.",none,,0
420,420,It is dangerous to use your whole vocabulary in one sentence.,none,,0
421,421,"I'd call your aim cancer, but at least cancer can kill people.",shit,,0
422,422,"Don't you love nature, despite what it did to you?",none,,0
423,423,"I'd call you cancer, but at least cancer kills.",shit,,0
424,424,"If we were playing a game in which the objective were to shoot walls, you would still lose.",shit,,0
425,425,I would ask you how old you are but I know you can't count that high.,none,,0
426,426,Now I know why nearly every game has arrows pointing to the objective. They were all for you.,shit,,0
427,427,I'm sure your bodypillow is very proud of you.,none,,0
428,428,Did your parents try to get a refund?,none,,0
429,429,The only thing you carry is an extra chromosome,none,,0
430,430,When I die I want you guys to lower my coffin so you can let me down one last time.,none,,0
431,431,I bet he came here because Minecraft was too hard,none,,0
432,432,"I'd tell you to go play in traffic, but you'd probably suck at that too.",shit,,0
433,433,"Playing with you is like the Shawshank Redemption, only with more tunneling through shit and no fucking redemption.",none,,0
434,434,The killcam ran out of film thanks to you.,shit,,0
435,435,"I`d call you cancer, but cancer actually gets kills",shit,,0
436,436,"If your face was a Counter Strike map, it would be de_formed.",none,,0
437,437,"Your aim is so poor, even African countries feel the need to donate to you.",shit,,0
438,438,"Are you AFK? Good, we finally have a chance of winning.",none,,0
439,439,Do your parents cry every day or just on the days they realize they didn't get the abortion?,shit,,0
440,440,I bet you blame the lag even when you're playing with bots.,none,,0
441,441,Pro Tip: You can uninstall any game you play.,shit,,0
442,442,Imagine going through 9 months of pregnancy to give birth to a child who doesn't push the payload.,shit,,0
443,443,"This is why doctors advocate regular masturbation, to keep fuck ups like you from being conceived. ",shit,,0
444,444,Your parents aren't the only ones who regret knowing you,none,,0
445,445,"I have neither the time, nor the crayons, to explain this to you..",none,,0
446,446,You're a prime example of why the gene pool needs a whole lot of bleach,none,,0
447,447,You couldn't hit water if you fell out of a boat.,shit,,0
448,448,Did you skip the tutorial?,none,,0
449,449,You are a living contradiction to evolution.,none,,0
450,450,My shoes have more support than you've given me.,none,,0
451,451,"With that aim, I'm impressed you could even hit the queue button.",shit,,0
452,452,You paid $1500 just to get destroyed in 4k. Good Investment.,none,,0
453,453,Hitler knew when to kill-himself. Why can't you do the same?,none,,0
454,454,"Your aim is like your crush, never gonna hit it",shit,,0
455,455,"You're like an onion. On the outside you're shit, but peel away a layer and underneath is another layer of shit",none,,0
456,456,Even Atlas couldn't carry you,none,,0
457,457,If ignorance is bliss you must be the happiest person alive.,none,,0
458,458,"I'm sorry, you'll have to be louder- sound doesn't travel all the way up the scoreboard.",shit,,0
459,459,I feel like you are the type of person to go negative against bots,none,,0
460,460,You can turn on your monitor now.,none,,0
461,461,"I would tell you to shoot yourself, but you'd miss.",none,,0
462,462,When i die i want you guys to lower my coffin so for once you can carry me. ,none,,0
463,463,"I'd say you suck, but that would mean you have some value",none,,0
464,464,"You  have an inferiority complex, and it's completely justified",none,,0
465,465,Do you lose when you play against yourself too?,none,,0
466,466,If I wanted to kill myself I'd jump from your ego down to your rank,none,,0
467,467,I guess the condom broke and the coat hanger wasn't long enough.,none,,0
468,468,"Imagine that someone was pregnant for nine months, gave birth, and their child doesn't even play the fucking objective.",shit,,0
469,469,Were you born on a freeway? Because that's where most accidents happen.,none,,0
470,470,please look at the screen when you are playing,none,,0
471,471,"it was a joke, not a dick, don't take it so hard..",none,,0
472,472,If you were any dumber I would have to water you twice a day,shit,,0
473,473,You're the reason negatives numbers exist,none,,0
474,474,please look at the screen when you are playing,none,,0
475,475,"Do you know you need a mouse to play, right?",none,,0
476,476,"When you go to a family reunion, who brings the condoms?",none,,0
477,477,Could you please play with both hands?,none,,0
478,478,"There are about 37 trillion cells working together in your body right now, and you are disappointing every single one of them.",none,,0
479,479,video games bring new experiences and right now I'm experiencing what it's like to be a special needs caretaker,none,,0
480,480,The only thing you carry is aids,none,,0
481,481,You're baiting so hard you could probably catch a fucking shark,none,,0
482,482,Your K/D would vastly improve if you killed yourself,none,,0
483,483,I must be Noah's Ark. I'm carrying a bunch of fucking animals,none,,0
484,484,"You might as well start hacking, that way you could finally achieve something; a ban.",shit,,0
485,485,"Of all these different flavours, you chose to be salty.",none,,0
486,486,"I'd give a penny for your thoughts, but I don't want to overspend.",none,,0
487,487,You could be the only person in the game and still manage to die.,shit,,0
488,488,"So many flavors to choose from, and yet you choose salt",none,,0
489,489,you're topping the scoreboard in chromosome count,shit,,0
490,490,You're as useful as a white crayon,none,,0
491,491,If I got a dollar every time you missed a shot i could buy you the glasses you so desperately need.,none,,0
492,492,Do you believe in God ? cause he dosn't believe in you.,none,,0
493,493,At least terminal cancer gets kills.,shit,,0
494,494,imagine going through 9 months of pregnancy to give birth to a child who doesn't push the fucking payload.,shit,,0
495,495,"You should give that extra chromosome back, it's not nice to steal",none,,0
496,496,You probably would've shot the kid instead of Harambe ,none,,0
497,497,"I wish we'd met years ago, I would have repressed the memory by now",none,,0
498,498,"You don't have to worry about friends talking shit behind your back, seeing you have none.",none,,0
499,499,Can a medic take a look at my back? It hurts from carrying this team.,shit,,0
500,500,I doubt you can even count to your score.,shit,,0
501,501,I can't carry you with all those extra chromosomes weighing you down.,none,,0
502,502,You have as many kills as you have brain cells.,none,,0
503,503,Have you considered pointing that gun the other way around?,shit,,0
504,504,"I'd call you cancer, but at least cancer gets kills.",shit,,0
505,505,does your ass ever get jealous of all the shit that comes out of your mouth?,none,,0
506,506,You sound like you roofy yourself at gay bars,none,,0
507,507,This team could lose at Farmville. ,shit,,0
508,508,"I'd agree with you, but then we'd both be wrong",none,,0
509,509,PROTIP: you have a second hand for the keyboard,shit,,0
510,510,You are the reason why abortion is legal.,shit,,0
511,511,Imagine going through 9 months of pregnancy just to give birth to a child who doesn't push the fucking payload,shit,,0
512,512,"Ah yes, the Dead Sea, the second saltiest thing on Earth next to your bitch ass.",shit,,0
513,513,"With a score as low as that, you must be amazing at golf.",shit,,0
514,514,"If you'd been the terrorist piloting the jet in 9/11, the towers would probably still be there",none,,0
515,515,I need an apology letter. Can I borrow your birth certificate?,shit,,0
516,516,At least you could survive the abortion.,shit,,0
517,517,"Guys, how about you fix some handles to yourselves, so it'll be easier for me to carry you?",none,,0
518,518,"Mistakes were made, the worst one was by your parents.",none,,0
519,519,Kirby must be jealous with how much you suck.,none,,0
520,520,"I've avoided smoking my entire life to prevent cancer, but with a play like that it seems I've missed out on cigars for nothing.",shit,,0
521,521,"if you open up enough crates, one might contain the chromosome you left inside your mom. ",none,,0
522,522,You should've quit while you were ahead. Which was before you installed.,none,,0
523,523,You're living testament to the idea that people only use 10% of their brains,none,,0
524,524,"I'd call your aim cancer, but cancer kills",shit,,0
525,525,im gonna be able to deadlift 400 pounds by the time im done carrying you,none,,0
526,526,I was anti-abortion before I started this match but now I'm reconsidering.,shit,,0
527,527,Did you know sharks only kill 5 people each year? Looks like you got some competition,none,,0
528,528,"I've never touched a cigarette. I feel a sense of regret for not doing it, because you gave me cancer anyway.",shit,,0
529,529,"I'm not saying I hate you, but I would unplug your life support to charge my phone.",none,,0
530,530,"I'd say your aim is cancer, but cancer actually kills",shit,,0
531,531,You are a walking condom advertisment.,none,,0
532,532,"I'd call all of you cancer, but at LEAST cancer kills.",shit,,0
533,533,"I bet your brain feels as good as new, seeing that you never use it.",none,,0
534,534,You're more fucked than a Ditto in day-care. ,none,,0
535,535,I'd tell you to kill yourself but you probably couldn't even manage that,none,,0
536,536,"I'd tell you to just end it and shoot yourself, but you'd probably miss.",none,,0
537,537,"I would call you a cunt, but a cunt has a use.",shit,,0
538,538,"When I die, I'd like you to lower my coffin, so you can let me down one last time. ",none,,0
539,539,Why is there an enemy team when I have my own shit teammates to deal with.,shit,,0
540,540, Your parents deserve more than this.,none,,0
541,541,Christopher Columbus has better map awareness than you,none,,0
542,542,"I'd call you cancer, but it kills.",shit,,0
543,543,"Stupid people can believe in anything, so you can believe in yourself",none,,0
544,544,You guys answered the age-old question of whether God could create a team of people so dense that even he could not carry them,shit,,0
545,545,"If you worked at a zoo, Harambe would still be alive.",none,,0
546,546,You couldn't even hit puberty.,none,,0
547,547,You're why I'm pro-choice.,none,,0
548,548,I bet you guys are going to single-handedly keep the porn industry alive for the next 30 years.,none,,0
549,549,Your birth certificate was an apology from the condom company.,shit,,0
550,550,Please tell me you're actually a 'Twitch Plays' script,none,,0
551,551,I'd say you're cancer but at least cancer can kill people,shit,,0
552,552,Your parents must have been disappointed with the one-child policy,none,,0
553,553,"I'd ask you to shoot yourself, but you'd probably still miss.",none,,0
554,554,"If I wanted an excuse, I would've asked your mother why you werent aborted.",none,,0
555,555,Comcast gives better support than you.,none,,0
556,556,"It's not that I hate you, you just don't deserve respect in the first place.",none,,0
557,557,Michael J. Fox would be a better sniper main than you,none,,0
558,558,I wish you took the bullet instead of Harambe.,none,,0
559,559,"I'd call my team cancer, but at least cancer kills.",shit,,0
560,560,Your Tinder profile has seen more lefts than a Nascar track,shit,,0
561,561,Team Fortress2 is also Free-To-Uninstall,shit,,0
562,562,I'd try to see things from your point of view but I couldn't get my head that far up my ass.,none,,0
563,563,"I know you're trying your best, but I wish your best was actually trying.",none,,0
564,564,You're living proof that God has a sense of humour,none,,0
565,565,"I would have been you for Halloween, but I couldn't fit 7 dicks in my mouth",none,,0
566,566,"I used to think everyone had the potential to be great, then I discovered you.",none,,0
567,567,You're the type of player to get 3rd place in a 1v1 match,shit,,0
568,568,Roman soldiers were once paid in salt. These days people like you are giving it out for free.,none,,0
569,569,I would unplug your life support to charge my phone.,none,,0
570,570,"I'd call you cancer, but cancer gets kills.",shit,,0
571,571,"I'd trade you for a park bench, at least it could support the team",shit,,0
572,572,"The only thing that will ever fuck you, is life. ",none,,0
573,573,You look like someone pressed the randomize button in the Oblivion character creator.,none,,0
574,574,"If you listen closely, you can actually hear the salt crystals forming",none,,0
575,575,You couldn't pour water out of a boot with instructions on the heel,shit,,0
576,576,Fuck yourself. You'll finally get some pussy that way. ,shit,,0
577,577,Your parents need to get a very late term abortion,shit,,0
578,578,"If I were to insult you, it'd be animal abuse",none,,0
579,579,You bring down the property value just being here.,none,,0
580,580,"This game has a wide variety of playable characters and playstyles, and I'd appreciate it if you'd learn one.",shit,,0
581,581,At least I have a father and not 10 suspects.,none,,0
582,582,"Wait, don't go. I still need more salt on my food.",none,,0
583,583,I used to be an athiest but only divine intervention could create something as miserable as you.,none,,0
584,584,You'd struggle to pour water out of a boot if the instructions were written on the heel!,shit,,0
585,585,"Each time you spend time typing, we actually do better.",none,,0
586,586,You're as useful as Stephen Hawking's home gym,none,,0
587,587,"If you got cancer, I would feel bad for the cancer.",shit,,0
588,588,You couldn't even support a drug addiction,none,,0
589,589,Your existence is the best argument against intelligent design.,none,,0
590,590,You're the type of person to try and shoot up a school with a nerf gun,shit,,0
591,591,Two men walk into a bar. You walk into a fucking pole.,none,,0
592,592,The only thing you can throw is the match,shit,,0
593,593,You say that as if I value your opinion.,none,,0
594,594,You couldn't pour water out of a boot if the instructions were on the heel,shit,,0
595,595,"With that poor aim, im surprised your dad figured out where to stick it in",shit,,0
596,596,When I die I want you to to lower me in my grave so you can let me down one more time.,none,,0
597,597,"I'd call you cancer, but at least cancer kills people.",shit,,0
598,598,Imagine going through 9 months of pregnancy only to give birth to someone who decides to be the fucking fourth spy on the team.,shit,,0
599,599,"If we win this game, you only need one more miracle to become a saint.",shit,,0
600,600,"I'd call you a tool, but that would imply you were useful in at least one way.",shit,,0
601,601,Remember when your mother told you to be yourself? Please don't do that.,none,,0
602,602,"If I wanted to kill myself, I would climb up to your ego and jump down to your IQ level",none,,0
603,603,"Your skill is like John Cena, nobody can see it",none,,0
604,604,"Which is lower, your score or your IQ?",shit,,0
605,605,Legend has it that the number 0 was first invented after scientists calculated your chance of doing something useful.,none,,0
606,606,Really wish I could aim this gun at myself instead of the enemy team.,shit,,0
607,607,You're an inspiration for birth control.,shit,,0
608,608,"I'm reconsidering creationism, I feel like it only took 6000 years of evolution to make you.",none,,0
609,609,"I regret not smoking my entire life, because watching you still gave me cancer.",shit,,0
610,610,You couldn't pour water out of a boot if the instructions were on the heel.,shit,,0
611,611,I've seen obese Mexican food vendors push carts better than this team.,shit,,0
612,612,"I'd call you a cunt, but you lack the warmth or the depth. ",shit,,0
613,613,You are probably the only person that will miss with an aimbot.,none,,0
614,614,My dad hits harder than you,none,,0
615,615,If I wanted to kill myself I'd jump from your ego down to your IQ.,none,,0
616,616,"I would say this team is cancer, but at least cancer gets kills",shit,,0
617,617,"When I die, I want you to put my casket into my grave, so that you can let me down one last time.",none,,0
618,618,If there would be a loser contest you'd win a second place. Because you are a loser.,none,,0
619,619,Surprised you got past the tutorial honestly,none,,0
620,620,If I had a dollar for every time you missed a shot I could buy you the glasses you so desperately need.,none,,0
621,621,"ergkirhrjrl;asewi    shit, sorry, my cat walked on my keyboard and somehow it still played better than you.",shit,,0
622,622,We should call this team 'The Stormtroopers' cause none of you can fucking hit anything.,shit,,0
623,623,Harambe didn't die for this.,none,,0
624,624,If you were any more inbred you'd be a sandwich,none,,0
625,625,your hand to eye coordination is more broken than TF2's matchmaking system,none,,0
626,626,Aiming can increase your accuracy.,none,,0
627,627,"Save your breath, you'll need to to blow up your girlfriend later.",none,,0
628,628,The only game you could get a high score in is golf.,shit,,0
629,629,I'm a support main but I can't heal this team's cancer.,shit,,0
630,630,"You need a higher aspiration in life than just being a giant fucking failure, buddy.",shit,,0
631,631,I'd rather have a single Stormtrooper than any of these fucking Snipers.,none,,0
632,632,Imagine going through a nine month pregnancy only to give birth to someone who can't push the fucking cart.,shit,,0
633,633,Imagine going through 9 months of pregnancy to give birth to a child who doesn't do the fucking objective.,shit,,0
634,634,Stephen Hawking knows the secrets of the universe; but can't figure out how people as stupid as you put on shoes this morning.,none,,0
635,635,Iridium is known to be the second densest thing on the planet. Congrats on being more dense than Iridium.,shit,,0
636,636,I'd call you cancer but at least cancer can kill things,shit,,0
637,637,"When scientists finally find what the object at the centre of our galaxy, it's going to be your dense fucking head",none,,0
638,638,"I'd insult you, but my mother told me not to insult the handicapped. ",none,,0
639,639,I had no expectations for you and yet you still managed to disappoint. Bravo.,none,,0
640,640,Suicide is always an option.,none,,0
641,641,Tip : Turn on your monitor to see what's ahead of you!,none,,0
642,642,"Team Fortress 2 is also Free-To-Uninstall,",none,,0
643,643,How about you stop carrying the other team?,shit,,0
644,644,Harmless bots have a higher K/D than you,none,,0
645,645,"I would tell you a joke, but your entire existance makes a better job at that than me.",none,,0
646,646,"31.5 N, 35,5 E, the coordinates of the Dead Sea, the saltiest place on earth next to your bitch ass.",shit,,0
647,647,You look like your face was on fire and someone tried to put it out with a fork,none,,0
648,648,You weren't worth the sex that made you. ,none,,0
649,649,By the time this match ends you'll have as many deaths as chromosomes. ,shit,,0
650,650,"I'd make a joke, but you're already here",none,,0
651,651,You remind me of the son I never wanted,none,,0
652,652,"A fortune teller told me that I was going to kill a vegetable today, I guess that time is now...",none,,0
653,653,"If you were to shoot yourself, your K/D ratio would improve by 100%.",none,,0
654,654,Imagine being pregnant for nine months only to give birth to a fucking idiot who thinks recycling this joke is a good idea.,shit,,0
655,655,If I wanted you to open your mouth I'd jingle my zipper,none,,0
656,656,"You can mine salt from the ground, or you can dry seawater. I don't have to do either, I've got you.",none,,0
657,657,"Eat your veggies kids, that's how I got strong enough to carry you all",none,,0
658,658,"If you made as many good plays as made excuses, you'd have won EVO by now.",none,,0
659,659,"Imagine waiting 9 months to give birth, and it's you.",shit,,0
660,660,"Atleast your ping knows how to do it, high score.",shit,,0
661,661,"If you were the person controlling the plane, you wouldve missed the Twin Towers.",none,,0
662,662,"Strange, I thought the counter didn't track kills on bots",none,,0
663,663,"The only excuse you can have for doing THIS bad, is that you're using the DK bongos as a controller.",none,,0
664,664,"It must be difficult for you, exhausting your entire vocabulary in one sentence.",none,,0
665,665,players like you should come with a handicap sticker,none,,0
666,666,You're such a pussy that fucking you wouldn't be gay.,none,,0
667,667,Calling you a retard is a compliment in comparison to how stupid you actually are.,none,,0
668,668,You're more useless than Anne Frank's drumkit,none,,0
669,669,"You lost the game for us? Don't worry, everyone makes mistakes, even God does, we have you to show for it!",shit,,0
670,670,"What you lack in brain cells, you make up for in chromosome count.",none,,0
671,671,At least your ping is higher than your death count.,shit,,0
672,672,"I would call you a cunt, but you lack the warmth or the depth.",shit,,0
673,673,Christ died for your sins and this is how you repay him?,none,,0
674,674,You're the reason they need to put instructions on Bleach bottles ,none,,0
675,675,"I'd insult your mother, but I'd hurt your sister's feelings.",none,,0
676,676,"Wow, this game should really be R-rated. I'm looking at the killfeed and all it shows is our team getting fucked. ",shit,,0
677,677,"The way you're feeding, Africa may finally have a chance.",shit,,0
678,678,Your mother should've spent the money on an abortion rather than the booze she drank during the pregnancy.,shit,,0
679,679,You whine more than a hentai girl does. At least she's actually useful.,none,,0
680,680,At least cancer kills unlike you,shit,,0
681,681,"Its a shame you werent the pilot of 9/11, you would have missed the building.",none,,0
682,682,You're the reason why no religion has a god that stays on Earth.,none,,0
683,683,"If laughter is the best medicine, your face must be curing the world.",none,,0
684,684,"I'd say you're cancer, but at least cancer kills.",shit,,0
685,685,Why don't you slip into something more comfortable...like a coma.,none,,0
686,686,"If you're going to be two-faced, at least make one of them pretty.",none,,0
687,687,"I'd say your aim is cancer, but cancer actually kills people.",shit,,0
688,688,"I'm not saying you're useless, but I'd unplug your router to charge my phone. ",none,,0
689,689,Stephen Hawking did great with his disability. Why can't you?,none,,0
690,690,I'm pretty sure you've typed more sentences than landed shots.,none,,0
691,691,"I'd call you aim cancer but, cancer kills.",shit,,0
692,692,"With an aim like that, I'm surprised you were able to turn your PC on.",shit,,0
693,693,Dropped Like A Newborn Baby,none,,0
694,694,"Just fucking throw your mouse at your screen, that'll be the first shot you hit. You know what? You'll just miss that too.",none,,0
695,695,"You don't seem to have much skill. You know, you can always go play Overwatch.",shit,,0
696,696, Why don't you slip into something more comfortable -- like a coma,none,,0
697,697,Could you imagine what it would have been like if you had more oxygen at birth,shit,,0
698,698,"I would call you cancer, but cancer actually kills people.",shit,,0
699,699,"I see, the reason you don't push the payload is that even it can't carry you if you sit on it.",none,,0
700,700,"It's a joke, not a cock. Stop taking it hard.",none,,0
701,701,"just because it's on the scoreboard, it doesn't mean dying gets you points",shit,,0
702,702,Do people find your Tinder profile using the 'Sort by highest Chromosome count' option?,shit,,0
703,703,"I sometimes contemplate suicide, but then who would be around to tell you how terrible you are.",shit,,0
704,704,I've seen better reflexes from Polio sufferers.,none,,0
705,705,Team Fortress  is also Free-To-Uninstall,shit,,0
706,706,What's the similarity between your mom and you? Both you and your mom suck.,none,,0
707,707,I think you need more practice with your aim. You can try using the broadside of a barn as a traget.,shit,,0
708,708,"Weird, I didn't know they let bots run loose in public games?",none,,0
709,709,What are you doing here? The nearest elementary school is at lest 10km away.,none,,0
710,710,"You should try your luck at russian roulette, at least you might kill something",none,,0
711,711,"If ugliness was measured in bricks, you would make the great wall of china.",none,,0
712,712,Your mother is so ugly people break into your house just to close the curtains,none,,0
713,713,your birth certificate was an apology letter from the condom company,shit,,0
714,714,"Maybe if you spent as much effort on the game as do bitching, you might actually kill something other than my will to live.",shit,,0
715,715,The Earth ,none,,0
